序号,科目一,科目二,科目三,科目四,科目五,科目六,科目七,科目八
1,98,98,98,98,98,98,98,98
2,87,87,87,87,87,87,87,87
3,89,89,89,89,89,89,89,89
4,56,56,56,56,56,56,56,56
5,98,98,98,98,98,98,98,98
6,88,88,88,88,88,88,88,88
7,88,88,88,88,88,88,88,88
8,90,90,90,90,90,90,90,90
9,99,99,99,99,99,99,99,99
10,100,100,100,100,100,100,100,100
11,45,45,45,45,45,45,45,45
12,89,89,89,89,89,89,89,89
13,90,90,90,90,90,90,90,90
14,86,86,86,86,86,86,86,86
15,78,78,78,78,78,78,78,78
16,98,98,98,98,98,98,98,98
17,9,9,9,9,9,9,9,9
18,56,56,56,56,56,56,56,56
19,67,67,67,67,67,67,67,67
20,56,56,56,56,56,56,56,56
21,80,80,80,80,80,80,80,80
22,98,98,98,98,98,98,98,98
23,87,87,87,87,87,87,87,87
24,89,89,89,89,89,89,89,89
25,56,56,56,56,56,56,56,56
26,98,98,98,98,98,98,98,98
27,88,88,88,88,88,88,88,88
28,88,88,88,88,88,88,88,88
29,90,90,90,90,90,90,90,90
30,99,99,99,99,99,99,99,99
31,100,100,100,100,100,100,100,100
32,45,45,45,45,45,45,45,45
33,89,89,89,89,89,89,89,89
34,90,90,90,90,90,90,90,90
35,86,86,86,86,86,86,86,86
36,78,78,78,78,78,78,78,78
37,98,98,98,98,98,98,98,98
38,9,9,9,9,9,9,9,9
39,56,56,56,56,56,56,56,56
40,67,67,67,67,67,67,67,67
41,56,56,56,56,56,56,56,56
42,80,80,80,80,80,80,80,80
43,98,98,98,98,98,98,98,98
44,87,87,87,87,87,87,87,87
45,89,89,89,89,89,89,89,89
46,56,56,56,56,56,56,56,56
47,98,98,98,98,98,98,98,98
48,88,88,88,88,88,88,88,88
49,88,88,88,88,88,88,88,88
50,90,90,90,90,90,90,90,90
51,99,99,99,99,99,99,99,99
52,100,100,100,100,100,100,100,100
53,45,45,45,45,45,45,45,45
54,89,89,89,89,89,89,89,89
55,90,90,90,90,90,90,90,90
56,86,86,86,86,86,86,86,86
57,78,78,78,78,78,78,78,78
58,98,98,98,98,98,98,98,98
59,9,9,9,9,9,9,9,9
60,56,56,56,56,56,56,56,56
61,67,67,67,67,67,67,67,67
62,56,56,56,56,56,56,56,56
63,80,80,80,80,80,80,80,80
64,98,98,98,98,98,98,98,98
65,87,87,87,87,87,87,87,87
66,89,89,89,89,89,89,89,89
67,56,56,56,56,56,56,56,56
68,98,98,98,98,98,98,98,98
69,88,88,88,88,88,88,88,88
70,88,88,88,88,88,88,88,88
71,90,90,90,90,90,90,90,90
72,99,99,99,99,99,99,99,99
73,100,100,100,100,100,100,100,100
74,45,45,45,45,45,45,45,45
75,89,89,89,89,89,89,89,89
76,90,90,90,90,90,90,90,90
77,86,86,86,86,86,86,86,86
78,78,78,78,78,78,78,78,78
79,98,98,98,98,98,98,98,98
80,9,9,9,9,9,9,9,9
81,56,56,56,56,56,56,56,56
82,67,67,67,67,67,67,67,67
83,56,56,56,56,56,56,56,56
84,80,80,80,80,80,80,80,80
85,98,98,98,98,98,98,98,98
86,87,87,87,87,87,87,87,87
87,89,89,89,89,89,89,89,89
88,56,56,56,56,56,56,56,56
89,98,98,98,98,98,98,98,98
90,88,88,88,88,88,88,88,88
91,88,88,88,88,88,88,88,88
92,90,90,90,90,90,90,90,90
93,99,99,99,99,99,99,99,99
94,100,100,100,100,100,100,100,100
95,45,45,45,45,45,45,45,45
96,89,89,89,89,89,89,89,89
97,90,90,90,90,90,90,90,90
98,86,86,86,86,86,86,86,86
99,78,78,78,78,78,78,78,78
100,98,98,98,98,98,98,98,98
101,9,9,9,9,9,9,9,9
102,56,56,56,56,56,56,56,56
103,67,67,67,67,67,67,67,67
104,56,56,56,56,56,56,56,56
105,80,80,80,80,80,80,80,80
106,98,98,98,98,98,98,98,98
107,87,87,87,87,87,87,87,87
108,89,89,89,89,89,89,89,89
109,56,56,56,56,56,56,56,56
110,98,98,98,98,98,98,98,98
111,88,88,88,88,88,88,88,88
112,88,88,88,88,88,88,88,88
113,90,90,90,90,90,90,90,90
114,99,99,99,99,99,99,99,99
115,100,100,100,100,100,100,100,100
116,45,45,45,45,45,45,45,45
117,89,89,89,89,89,89,89,89
118,90,90,90,90,90,90,90,90
119,86,86,86,86,86,86,86,86
120,78,78,78,78,78,78,78,78
121,98,98,98,98,98,98,98,98
122,9,9,9,9,9,9,9,9
123,56,56,56,56,56,56,56,56
124,67,67,67,67,67,67,67,67
125,56,56,56,56,56,56,56,56
126,80,80,80,80,80,80,80,80
127,98,98,98,98,98,98,98,98
128,87,87,87,87,87,87,87,87
129,89,89,89,89,89,89,89,89
130,56,56,56,56,56,56,56,56
131,98,98,98,98,98,98,98,98
132,88,88,88,88,88,88,88,88
133,88,88,88,88,88,88,88,88
134,90,90,90,90,90,90,90,90
135,99,99,99,99,99,99,99,99
136,100,100,100,100,100,100,100,100
137,45,45,45,45,45,45,45,45
138,89,89,89,89,89,89,89,89
139,90,90,90,90,90,90,90,90
140,86,86,86,86,86,86,86,86
141,78,78,78,78,78,78,78,78
142,98,98,98,98,98,98,98,98
143,9,9,9,9,9,9,9,9
144,56,56,56,56,56,56,56,56
145,67,67,67,67,67,67,67,67
146,56,56,56,56,56,56,56,56
147,80,80,80,80,80,80,80,80
148,98,98,98,98,98,98,98,98
149,87,87,87,87,87,87,87,87
150,89,89,89,89,89,89,89,89
151,56,56,56,56,56,56,56,56
152,98,98,98,98,98,98,98,98
153,88,88,88,88,88,88,88,88
154,88,88,88,88,88,88,88,88
155,90,90,90,90,90,90,90,90
156,99,99,99,99,99,99,99,99
157,100,100,100,100,100,100,100,100
158,45,45,45,45,45,45,45,45
159,89,89,89,89,89,89,89,89
160,90,90,90,90,90,90,90,90
161,86,86,86,86,86,86,86,86
162,78,78,78,78,78,78,78,78
163,98,98,98,98,98,98,98,98
164,9,9,9,9,9,9,9,9
165,56,56,56,56,56,56,56,56
166,67,67,67,67,67,67,67,67
167,56,56,56,56,56,56,56,56
168,80,80,80,80,80,80,80,80
169,98,98,98,98,98,98,98,98
170,87,87,87,87,87,87,87,87
171,89,89,89,89,89,89,89,89
172,56,56,56,56,56,56,56,56
173,98,98,98,98,98,98,98,98
174,88,88,88,88,88,88,88,88
175,88,88,88,88,88,88,88,88
176,90,90,90,90,90,90,90,90
177,99,99,99,99,99,99,99,99
178,100,100,100,100,100,100,100,100
179,45,45,45,45,45,45,45,45
180,89,89,89,89,89,89,89,89
181,90,90,90,90,90,90,90,90
182,86,86,86,86,86,86,86,86
183,78,78,78,78,78,78,78,78
184,98,98,98,98,98,98,98,98
185,9,9,9,9,9,9,9,9
186,56,56,56,56,56,56,56,56
187,67,67,67,67,67,67,67,67
188,56,56,56,56,56,56,56,56
189,80,80,80,80,80,80,80,80
190,98,98,98,98,98,98,98,98
191,87,87,87,87,87,87,87,87
192,89,89,89,89,89,89,89,89
193,56,56,56,56,56,56,56,56
194,98,98,98,98,98,98,98,98
195,88,88,88,88,88,88,88,88
196,88,88,88,88,88,88,88,88
197,90,90,90,90,90,90,90,90
198,99,99,99,99,99,99,99,99
199,100,100,100,100,100,100,100,100
200,45,45,45,45,45,45,45,45
201,89,89,89,89,89,89,89,89
202,90,90,90,90,90,90,90,90
203,86,86,86,86,86,86,86,86
204,78,78,78,78,78,78,78,78
205,98,98,98,98,98,98,98,98
206,9,9,9,9,9,9,9,9
207,56,56,56,56,56,56,56,56
208,67,67,67,67,67,67,67,67
209,56,56,56,56,56,56,56,56
210,80,80,80,80,80,80,80,80
211,98,98,98,98,98,98,98,98
212,87,87,87,87,87,87,87,87
213,89,89,89,89,89,89,89,89
214,56,56,56,56,56,56,56,56
215,98,98,98,98,98,98,98,98
216,88,88,88,88,88,88,88,88
217,88,88,88,88,88,88,88,88
218,90,90,90,90,90,90,90,90
219,99,99,99,99,99,99,99,99
220,100,100,100,100,100,100,100,100
221,45,45,45,45,45,45,45,45
222,89,89,89,89,89,89,89,89
223,90,90,90,90,90,90,90,90
224,86,86,86,86,86,86,86,86
225,78,78,78,78,78,78,78,78
226,98,98,98,98,98,98,98,98
227,9,9,9,9,9,9,9,9
228,56,56,56,56,56,56,56,56
229,67,67,67,67,67,67,67,67
230,56,56,56,56,56,56,56,56
231,80,80,80,80,80,80,80,80
232,98,98,98,98,98,98,98,98
233,87,87,87,87,87,87,87,87
234,89,89,89,89,89,89,89,89
235,56,56,56,56,56,56,56,56
236,98,98,98,98,98,98,98,98
237,88,88,88,88,88,88,88,88
238,88,88,88,88,88,88,88,88
239,90,90,90,90,90,90,90,90
240,99,99,99,99,99,99,99,99
241,100,100,100,100,100,100,100,100
242,45,45,45,45,45,45,45,45
243,89,89,89,89,89,89,89,89
244,90,90,90,90,90,90,90,90
245,86,86,86,86,86,86,86,86
246,78,78,78,78,78,78,78,78
247,98,98,98,98,98,98,98,98
248,9,9,9,9,9,9,9,9
249,56,56,56,56,56,56,56,56
250,67,67,67,67,67,67,67,67
251,56,56,56,56,56,56,56,56
252,80,80,80,80,80,80,80,80
253,98,98,98,98,98,98,98,98
254,87,87,87,87,87,87,87,87
255,89,89,89,89,89,89,89,89
256,56,56,56,56,56,56,56,56
257,98,98,98,98,98,98,98,98
258,88,88,88,88,88,88,88,88
259,88,88,88,88,88,88,88,88
260,90,90,90,90,90,90,90,90
261,99,99,99,99,99,99,99,99
262,100,100,100,100,100,100,100,100
263,45,45,45,45,45,45,45,45
264,89,89,89,89,89,89,89,89
265,90,90,90,90,90,90,90,90
266,86,86,86,86,86,86,86,86
267,78,78,78,78,78,78,78,78
268,98,98,98,98,98,98,98,98
269,9,9,9,9,9,9,9,9
270,56,56,56,56,56,56,56,56
271,67,67,67,67,67,67,67,67
272,56,56,56,56,56,56,56,56
273,80,80,80,80,80,80,80,80
274,98,98,98,98,98,98,98,98
275,87,87,87,87,87,87,87,87
276,89,89,89,89,89,89,89,89
277,56,56,56,56,56,56,56,56
278,98,98,98,98,98,98,98,98
279,88,88,88,88,88,88,88,88
280,88,88,88,88,88,88,88,88
281,90,90,90,90,90,90,90,90
282,99,99,99,99,99,99,99,99
283,100,100,100,100,100,100,100,100
284,45,45,45,45,45,45,45,45
285,89,89,89,89,89,89,89,89
286,90,90,90,90,90,90,90,90
287,86,86,86,86,86,86,86,86
288,78,78,78,78,78,78,78,78
289,98,98,98,98,98,98,98,98
290,9,9,9,9,9,9,9,9
291,56,56,56,56,56,56,56,56
292,67,67,67,67,67,67,67,67
293,56,56,56,56,56,56,56,56
294,80,80,80,80,80,80,80,80
295,98,98,98,98,98,98,98,98
296,87,87,87,87,87,87,87,87
297,89,89,89,89,89,89,89,89
298,56,56,56,56,56,56,56,56
299,98,98,98,98,98,98,98,98
300,88,88,88,88,88,88,88,88
301,88,88,88,88,88,88,88,88
302,90,90,90,90,90,90,90,90
303,99,99,99,99,99,99,99,99
304,100,100,100,100,100,100,100,100
305,45,45,45,45,45,45,45,45
306,89,89,89,89,89,89,89,89
307,90,90,90,90,90,90,90,90
308,86,86,86,86,86,86,86,86
309,78,78,78,78,78,78,78,78
310,98,98,98,98,98,98,98,98
311,9,9,9,9,9,9,9,9
312,56,56,56,56,56,56,56,56
313,67,67,67,67,67,67,67,67
314,56,56,56,56,56,56,56,56
315,80,80,80,80,80,80,80,80
316,98,98,98,98,98,98,98,98
317,87,87,87,87,87,87,87,87
318,89,89,89,89,89,89,89,89
319,56,56,56,56,56,56,56,56
320,98,98,98,98,98,98,98,98
321,88,88,88,88,88,88,88,88
322,88,88,88,88,88,88,88,88
323,90,90,90,90,90,90,90,90
324,99,99,99,99,99,99,99,99
325,100,100,100,100,100,100,100,100
326,45,45,45,45,45,45,45,45
327,89,89,89,89,89,89,89,89
328,90,90,90,90,90,90,90,90
329,86,86,86,86,86,86,86,86
330,78,78,78,78,78,78,78,78
331,98,98,98,98,98,98,98,98
332,9,9,9,9,9,9,9,9
333,56,56,56,56,56,56,56,56
334,67,67,67,67,67,67,67,67
335,56,56,56,56,56,56,56,56
336,80,80,80,80,80,80,80,80
337,98,98,98,98,98,98,98,98
338,87,87,87,87,87,87,87,87
339,89,89,89,89,89,89,89,89
340,56,56,56,56,56,56,56,56
341,98,98,98,98,98,98,98,98
342,88,88,88,88,88,88,88,88
343,88,88,88,88,88,88,88,88
344,90,90,90,90,90,90,90,90
345,99,99,99,99,99,99,99,99
346,100,100,100,100,100,100,100,100
347,45,45,45,45,45,45,45,45
348,89,89,89,89,89,89,89,89
349,90,90,90,90,90,90,90,90
350,86,86,86,86,86,86,86,86
351,78,78,78,78,78,78,78,78
352,98,98,98,98,98,98,98,98
353,9,9,9,9,9,9,9,9
354,56,56,56,56,56,56,56,56
355,67,67,67,67,67,67,67,67
356,56,56,56,56,56,56,56,56
357,80,80,80,80,80,80,80,80
358,98,98,98,98,98,98,98,98
359,87,87,87,87,87,87,87,87
360,89,89,89,89,89,89,89,89
361,56,56,56,56,56,56,56,56
362,98,98,98,98,98,98,98,98
363,88,88,88,88,88,88,88,88
364,88,88,88,88,88,88,88,88
365,90,90,90,90,90,90,90,90
366,99,99,99,99,99,99,99,99
367,100,100,100,100,100,100,100,100
368,45,45,45,45,45,45,45,45
369,89,89,89,89,89,89,89,89
370,90,90,90,90,90,90,90,90
371,86,86,86,86,86,86,86,86
372,78,78,78,78,78,78,78,78
373,98,98,98,98,98,98,98,98
374,9,9,9,9,9,9,9,9
375,56,56,56,56,56,56,56,56
376,67,67,67,67,67,67,67,67
377,56,56,56,56,56,56,56,56
378,80,80,80,80,80,80,80,80
379,98,98,98,98,98,98,98,98
380,87,87,87,87,87,87,87,87
381,89,89,89,89,89,89,89,89
382,56,56,56,56,56,56,56,56
383,98,98,98,98,98,98,98,98
384,88,88,88,88,88,88,88,88
385,88,88,88,88,88,88,88,88
386,90,90,90,90,90,90,90,90
387,99,99,99,99,99,99,99,99
388,100,100,100,100,100,100,100,100
389,45,45,45,45,45,45,45,45
390,89,89,89,89,89,89,89,89
391,90,90,90,90,90,90,90,90
392,86,86,86,86,86,86,86,86
393,78,78,78,78,78,78,78,78
394,98,98,98,98,98,98,98,98
395,9,9,9,9,9,9,9,9
396,56,56,56,56,56,56,56,56
397,67,67,67,67,67,67,67,67
398,56,56,56,56,56,56,56,56
399,80,80,80,80,80,80,80,80
400,98,98,98,98,98,98,98,98
401,87,87,87,87,87,87,87,87
402,89,89,89,89,89,89,89,89
403,56,56,56,56,56,56,56,56
404,98,98,98,98,98,98,98,98
405,88,88,88,88,88,88,88,88
406,88,88,88,88,88,88,88,88
407,90,90,90,90,90,90,90,90
408,99,99,99,99,99,99,99,99
409,100,100,100,100,100,100,100,100
410,45,45,45,45,45,45,45,45
411,89,89,89,89,89,89,89,89
412,90,90,90,90,90,90,90,90
413,86,86,86,86,86,86,86,86
414,78,78,78,78,78,78,78,78
415,98,98,98,98,98,98,98,98
416,9,9,9,9,9,9,9,9
417,56,56,56,56,56,56,56,56
418,67,67,67,67,67,67,67,67
419,56,56,56,56,56,56,56,56
420,80,80,80,80,80,80,80,80
421,98,98,98,98,98,98,98,98
422,87,87,87,87,87,87,87,87
423,89,89,89,89,89,89,89,89
424,56,56,56,56,56,56,56,56
425,98,98,98,98,98,98,98,98
426,88,88,88,88,88,88,88,88
427,88,88,88,88,88,88,88,88
428,90,90,90,90,90,90,90,90
429,99,99,99,99,99,99,99,99
430,100,100,100,100,100,100,100,100
431,45,45,45,45,45,45,45,45
432,89,89,89,89,89,89,89,89
433,90,90,90,90,90,90,90,90
434,86,86,86,86,86,86,86,86
435,78,78,78,78,78,78,78,78
436,98,98,98,98,98,98,98,98
437,9,9,9,9,9,9,9,9
438,56,56,56,56,56,56,56,56
439,67,67,67,67,67,67,67,67
440,56,56,56,56,56,56,56,56
441,80,80,80,80,80,80,80,80
442,98,98,98,98,98,98,98,98
443,87,87,87,87,87,87,87,87
444,89,89,89,89,89,89,89,89
445,56,56,56,56,56,56,56,56
446,98,98,98,98,98,98,98,98
447,88,88,88,88,88,88,88,88
448,88,88,88,88,88,88,88,88
449,90,90,90,90,90,90,90,90
450,99,99,99,99,99,99,99,99
451,100,100,100,100,100,100,100,100
452,45,45,45,45,45,45,45,45
453,89,89,89,89,89,89,89,89
454,90,90,90,90,90,90,90,90
455,86,86,86,86,86,86,86,86
456,78,78,78,78,78,78,78,78
457,98,98,98,98,98,98,98,98
458,9,9,9,9,9,9,9,9
459,56,56,56,56,56,56,56,56
460,67,67,67,67,67,67,67,67
461,56,56,56,56,56,56,56,56
462,80,80,80,80,80,80,80,80
463,98,98,98,98,98,98,98,98
464,87,87,87,87,87,87,87,87
465,89,89,89,89,89,89,89,89
466,56,56,56,56,56,56,56,56
467,98,98,98,98,98,98,98,98
468,88,88,88,88,88,88,88,88
469,88,88,88,88,88,88,88,88
470,90,90,90,90,90,90,90,90
471,99,99,99,99,99,99,99,99
472,100,100,100,100,100,100,100,100
473,45,45,45,45,45,45,45,45
474,89,89,89,89,89,89,89,89
475,90,90,90,90,90,90,90,90
476,86,86,86,86,86,86,86,86
477,78,78,78,78,78,78,78,78
478,98,98,98,98,98,98,98,98
479,9,9,9,9,9,9,9,9
480,56,56,56,56,56,56,56,56
481,67,67,67,67,67,67,67,67
482,56,56,56,56,56,56,56,56
483,80,80,80,80,80,80,80,80
484,98,98,98,98,98,98,98,98
485,87,87,87,87,87,87,87,87
486,89,89,89,89,89,89,89,89
487,56,56,56,56,56,56,56,56
488,98,98,98,98,98,98,98,98
489,88,88,88,88,88,88,88,88
490,88,88,88,88,88,88,88,88
491,90,90,90,90,90,90,90,90
492,99,99,99,99,99,99,99,99
493,100,100,100,100,100,100,100,100
494,45,45,45,45,45,45,45,45
495,89,89,89,89,89,89,89,89
496,90,90,90,90,90,90,90,90
497,86,86,86,86,86,86,86,86
498,78,78,78,78,78,78,78,78
499,98,98,98,98,98,98,98,98
500,9,9,9,9,9,9,9,9
501,56,56,56,56,56,56,56,56
502,67,67,67,67,67,67,67,67
503,56,56,56,56,56,56,56,56
504,80,80,80,80,80,80,80,80
505,98,98,98,98,98,98,98,98
506,87,87,87,87,87,87,87,87
507,89,89,89,89,89,89,89,89
508,56,56,56,56,56,56,56,56
509,98,98,98,98,98,98,98,98
510,88,88,88,88,88,88,88,88
511,88,88,88,88,88,88,88,88
512,90,90,90,90,90,90,90,90
513,99,99,99,99,99,99,99,99
514,100,100,100,100,100,100,100,100
515,45,45,45,45,45,45,45,45
516,89,89,89,89,89,89,89,89
517,90,90,90,90,90,90,90,90
518,86,86,86,86,86,86,86,86
519,78,78,78,78,78,78,78,78
520,98,98,98,98,98,98,98,98
521,9,9,9,9,9,9,9,9
522,56,56,56,56,56,56,56,56
523,67,67,67,67,67,67,67,67
524,56,56,56,56,56,56,56,56
525,80,80,80,80,80,80,80,80
526,98,98,98,98,98,98,98,98
527,87,87,87,87,87,87,87,87
528,89,89,89,89,89,89,89,89
529,56,56,56,56,56,56,56,56
530,98,98,98,98,98,98,98,98
531,88,88,88,88,88,88,88,88
532,88,88,88,88,88,88,88,88
533,90,90,90,90,90,90,90,90
534,99,99,99,99,99,99,99,99
535,100,100,100,100,100,100,100,100
536,45,45,45,45,45,45,45,45
537,89,89,89,89,89,89,89,89
538,90,90,90,90,90,90,90,90
539,86,86,86,86,86,86,86,86
540,78,78,78,78,78,78,78,78
541,98,98,98,98,98,98,98,98
542,9,9,9,9,9,9,9,9
543,56,56,56,56,56,56,56,56
544,67,67,67,67,67,67,67,67
545,56,56,56,56,56,56,56,56
546,80,80,80,80,80,80,80,80
547,98,98,98,98,98,98,98,98
548,87,87,87,87,87,87,87,87
549,89,89,89,89,89,89,89,89
550,56,56,56,56,56,56,56,56
551,98,98,98,98,98,98,98,98
552,88,88,88,88,88,88,88,88
553,88,88,88,88,88,88,88,88
554,90,90,90,90,90,90,90,90
555,99,99,99,99,99,99,99,99
556,100,100,100,100,100,100,100,100
557,45,45,45,45,45,45,45,45
558,89,89,89,89,89,89,89,89
559,90,90,90,90,90,90,90,90
560,86,86,86,86,86,86,86,86
561,78,78,78,78,78,78,78,78
562,98,98,98,98,98,98,98,98
563,9,9,9,9,9,9,9,9
564,56,56,56,56,56,56,56,56
565,67,67,67,67,67,67,67,67
566,56,56,56,56,56,56,56,56
567,80,80,80,80,80,80,80,80
568,98,98,98,98,98,98,98,98
569,87,87,87,87,87,87,87,87
570,89,89,89,89,89,89,89,89
571,56,56,56,56,56,56,56,56
572,98,98,98,98,98,98,98,98
573,88,88,88,88,88,88,88,88
574,88,88,88,88,88,88,88,88
575,90,90,90,90,90,90,90,90
576,99,99,99,99,99,99,99,99
577,100,100,100,100,100,100,100,100
578,45,45,45,45,45,45,45,45
579,89,89,89,89,89,89,89,89
580,90,90,90,90,90,90,90,90
581,86,86,86,86,86,86,86,86
582,78,78,78,78,78,78,78,78
583,98,98,98,98,98,98,98,98
584,9,9,9,9,9,9,9,9
585,56,56,56,56,56,56,56,56
586,67,67,67,67,67,67,67,67
587,56,56,56,56,56,56,56,56
588,80,80,80,80,80,80,80,80
589,98,98,98,98,98,98,98,98
590,87,87,87,87,87,87,87,87
591,89,89,89,89,89,89,89,89
592,56,56,56,56,56,56,56,56
593,98,98,98,98,98,98,98,98
594,88,88,88,88,88,88,88,88
595,88,88,88,88,88,88,88,88
596,90,90,90,90,90,90,90,90
597,99,99,99,99,99,99,99,99
598,100,100,100,100,100,100,100,100
599,45,45,45,45,45,45,45,45
600,89,89,89,89,89,89,89,89
601,90,90,90,90,90,90,90,90
602,86,86,86,86,86,86,86,86
603,78,78,78,78,78,78,78,78
604,98,98,98,98,98,98,98,98
605,9,9,9,9,9,9,9,9
606,56,56,56,56,56,56,56,56
607,67,67,67,67,67,67,67,67
608,56,56,56,56,56,56,56,56
609,80,80,80,80,80,80,80,80
610,98,98,98,98,98,98,98,98
611,87,87,87,87,87,87,87,87
612,89,89,89,89,89,89,89,89
613,56,56,56,56,56,56,56,56
614,98,98,98,98,98,98,98,98
615,88,88,88,88,88,88,88,88
616,88,88,88,88,88,88,88,88
617,90,90,90,90,90,90,90,90
618,99,99,99,99,99,99,99,99
619,100,100,100,100,100,100,100,100
620,45,45,45,45,45,45,45,45
621,89,89,89,89,89,89,89,89
622,90,90,90,90,90,90,90,90
623,86,86,86,86,86,86,86,86
624,78,78,78,78,78,78,78,78
625,98,98,98,98,98,98,98,98
626,9,9,9,9,9,9,9,9
627,56,56,56,56,56,56,56,56
628,67,67,67,67,67,67,67,67
629,56,56,56,56,56,56,56,56
630,80,80,80,80,80,80,80,80
631,98,98,98,98,98,98,98,98
632,87,87,87,87,87,87,87,87
633,89,89,89,89,89,89,89,89
634,56,56,56,56,56,56,56,56
635,98,98,98,98,98,98,98,98
636,88,88,88,88,88,88,88,88
637,88,88,88,88,88,88,88,88
638,90,90,90,90,90,90,90,90
639,99,99,99,99,99,99,99,99
640,100,100,100,100,100,100,100,100
641,45,45,45,45,45,45,45,45
642,89,89,89,89,89,89,89,89
643,90,90,90,90,90,90,90,90
644,86,86,86,86,86,86,86,86
645,78,78,78,78,78,78,78,78
646,98,98,98,98,98,98,98,98
647,9,9,9,9,9,9,9,9
648,56,56,56,56,56,56,56,56
649,67,67,67,67,67,67,67,67
650,56,56,56,56,56,56,56,56
651,80,80,80,80,80,80,80,80
652,98,98,98,98,98,98,98,98
653,87,87,87,87,87,87,87,87
654,89,89,89,89,89,89,89,89
655,56,56,56,56,56,56,56,56
656,98,98,98,98,98,98,98,98
657,88,88,88,88,88,88,88,88
658,88,88,88,88,88,88,88,88
659,90,90,90,90,90,90,90,90
660,99,99,99,99,99,99,99,99
661,100,100,100,100,100,100,100,100
662,45,45,45,45,45,45,45,45
663,89,89,89,89,89,89,89,89
664,90,90,90,90,90,90,90,90
665,86,86,86,86,86,86,86,86
666,78,78,78,78,78,78,78,78
667,98,98,98,98,98,98,98,98
668,9,9,9,9,9,9,9,9
669,56,56,56,56,56,56,56,56
670,67,67,67,67,67,67,67,67
671,56,56,56,56,56,56,56,56
672,80,80,80,80,80,80,80,80
673,98,98,98,98,98,98,98,98
674,87,87,87,87,87,87,87,87
675,89,89,89,89,89,89,89,89
676,56,56,56,56,56,56,56,56
677,98,98,98,98,98,98,98,98
678,88,88,88,88,88,88,88,88
679,88,88,88,88,88,88,88,88
680,90,90,90,90,90,90,90,90
681,99,99,99,99,99,99,99,99
682,100,100,100,100,100,100,100,100
683,45,45,45,45,45,45,45,45
684,89,89,89,89,89,89,89,89
685,90,90,90,90,90,90,90,90
686,86,86,86,86,86,86,86,86
687,78,78,78,78,78,78,78,78
688,98,98,98,98,98,98,98,98
689,9,9,9,9,9,9,9,9
690,56,56,56,56,56,56,56,56
691,67,67,67,67,67,67,67,67
692,56,56,56,56,56,56,56,56
693,80,80,80,80,80,80,80,80
694,98,98,98,98,98,98,98,98
695,87,87,87,87,87,87,87,87
696,89,89,89,89,89,89,89,89
697,56,56,56,56,56,56,56,56
698,98,98,98,98,98,98,98,98
699,88,88,88,88,88,88,88,88
700,88,88,88,88,88,88,88,88
701,90,90,90,90,90,90,90,90
702,99,99,99,99,99,99,99,99
703,100,100,100,100,100,100,100,100
704,45,45,45,45,45,45,45,45
705,89,89,89,89,89,89,89,89
706,90,90,90,90,90,90,90,90
707,86,86,86,86,86,86,86,86
708,78,78,78,78,78,78,78,78
709,98,98,98,98,98,98,98,98
710,9,9,9,9,9,9,9,9
711,56,56,56,56,56,56,56,56
712,67,67,67,67,67,67,67,67
713,56,56,56,56,56,56,56,56
714,80,80,80,80,80,80,80,80
715,98,98,98,98,98,98,98,98
716,87,87,87,87,87,87,87,87
717,89,89,89,89,89,89,89,89
718,56,56,56,56,56,56,56,56
719,98,98,98,98,98,98,98,98
720,88,88,88,88,88,88,88,88
721,88,88,88,88,88,88,88,88
722,90,90,90,90,90,90,90,90
723,99,99,99,99,99,99,99,99
724,100,100,100,100,100,100,100,100
725,45,45,45,45,45,45,45,45
726,89,89,89,89,89,89,89,89
727,90,90,90,90,90,90,90,90
728,86,86,86,86,86,86,86,86
729,78,78,78,78,78,78,78,78
730,98,98,98,98,98,98,98,98
731,9,9,9,9,9,9,9,9
732,56,56,56,56,56,56,56,56
733,67,67,67,67,67,67,67,67
734,56,56,56,56,56,56,56,56
735,80,80,80,80,80,80,80,80
736,98,98,98,98,98,98,98,98
737,87,87,87,87,87,87,87,87
738,89,89,89,89,89,89,89,89
739,56,56,56,56,56,56,56,56
740,98,98,98,98,98,98,98,98
741,88,88,88,88,88,88,88,88
742,88,88,88,88,88,88,88,88
743,90,90,90,90,90,90,90,90
744,99,99,99,99,99,99,99,99
745,100,100,100,100,100,100,100,100
746,45,45,45,45,45,45,45,45
747,89,89,89,89,89,89,89,89
748,90,90,90,90,90,90,90,90
749,86,86,86,86,86,86,86,86
750,78,78,78,78,78,78,78,78
751,98,98,98,98,98,98,98,98
752,9,9,9,9,9,9,9,9
753,56,56,56,56,56,56,56,56
754,67,67,67,67,67,67,67,67
755,56,56,56,56,56,56,56,56
756,80,80,80,80,80,80,80,80
757,98,98,98,98,98,98,98,98
758,87,87,87,87,87,87,87,87
759,89,89,89,89,89,89,89,89
760,56,56,56,56,56,56,56,56
761,98,98,98,98,98,98,98,98
762,88,88,88,88,88,88,88,88
763,88,88,88,88,88,88,88,88
764,90,90,90,90,90,90,90,90
765,99,99,99,99,99,99,99,99
766,100,100,100,100,100,100,100,100
767,45,45,45,45,45,45,45,45
768,89,89,89,89,89,89,89,89
769,90,90,90,90,90,90,90,90
770,86,86,86,86,86,86,86,86
771,78,78,78,78,78,78,78,78
772,98,98,98,98,98,98,98,98
773,9,9,9,9,9,9,9,9
774,56,56,56,56,56,56,56,56
775,67,67,67,67,67,67,67,67
776,56,56,56,56,56,56,56,56
777,80,80,80,80,80,80,80,80
778,98,98,98,98,98,98,98,98
779,87,87,87,87,87,87,87,87
780,89,89,89,89,89,89,89,89
781,56,56,56,56,56,56,56,56
782,98,98,98,98,98,98,98,98
783,88,88,88,88,88,88,88,88
784,88,88,88,88,88,88,88,88
785,90,90,90,90,90,90,90,90
786,99,99,99,99,99,99,99,99
787,100,100,100,100,100,100,100,100
788,45,45,45,45,45,45,45,45
789,89,89,89,89,89,89,89,89
790,90,90,90,90,90,90,90,90
791,86,86,86,86,86,86,86,86
792,78,78,78,78,78,78,78,78
793,98,98,98,98,98,98,98,98
794,9,9,9,9,9,9,9,9
795,56,56,56,56,56,56,56,56
796,67,67,67,67,67,67,67,67
797,56,56,56,56,56,56,56,56
798,80,80,80,80,80,80,80,80
799,98,98,98,98,98,98,98,98
800,87,87,87,87,87,87,87,87
801,89,89,89,89,89,89,89,89
802,56,56,56,56,56,56,56,56
803,98,98,98,98,98,98,98,98
804,88,88,88,88,88,88,88,88
805,88,88,88,88,88,88,88,88
806,90,90,90,90,90,90,90,90
807,99,99,99,99,99,99,99,99
808,100,100,100,100,100,100,100,100
809,45,45,45,45,45,45,45,45
810,89,89,89,89,89,89,89,89
811,90,90,90,90,90,90,90,90
812,86,86,86,86,86,86,86,86
813,78,78,78,78,78,78,78,78
814,98,98,98,98,98,98,98,98
815,9,9,9,9,9,9,9,9
816,56,56,56,56,56,56,56,56
817,67,67,67,67,67,67,67,67
818,56,56,56,56,56,56,56,56
819,80,80,80,80,80,80,80,80
820,98,98,98,98,98,98,98,98
821,87,87,87,87,87,87,87,87
822,89,89,89,89,89,89,89,89
823,56,56,56,56,56,56,56,56
824,98,98,98,98,98,98,98,98
825,88,88,88,88,88,88,88,88
826,88,88,88,88,88,88,88,88
827,90,90,90,90,90,90,90,90
828,99,99,99,99,99,99,99,99
829,100,100,100,100,100,100,100,100
830,45,45,45,45,45,45,45,45
831,89,89,89,89,89,89,89,89
832,90,90,90,90,90,90,90,90
833,86,86,86,86,86,86,86,86
834,78,78,78,78,78,78,78,78
835,98,98,98,98,98,98,98,98
836,9,9,9,9,9,9,9,9
837,56,56,56,56,56,56,56,56
838,67,67,67,67,67,67,67,67
839,56,56,56,56,56,56,56,56
840,80,80,80,80,80,80,80,80
841,98,98,98,98,98,98,98,98
842,87,87,87,87,87,87,87,87
843,89,89,89,89,89,89,89,89
844,56,56,56,56,56,56,56,56
845,98,98,98,98,98,98,98,98
846,88,88,88,88,88,88,88,88
847,88,88,88,88,88,88,88,88
848,90,90,90,90,90,90,90,90
849,99,99,99,99,99,99,99,99
850,100,100,100,100,100,100,100,100
851,45,45,45,45,45,45,45,45
852,89,89,89,89,89,89,89,89
853,90,90,90,90,90,90,90,90
854,86,86,86,86,86,86,86,86
855,78,78,78,78,78,78,78,78
856,98,98,98,98,98,98,98,98
857,9,9,9,9,9,9,9,9
858,56,56,56,56,56,56,56,56
859,67,67,67,67,67,67,67,67
860,56,56,56,56,56,56,56,56
861,80,80,80,80,80,80,80,80
862,98,98,98,98,98,98,98,98
863,87,87,87,87,87,87,87,87
864,89,89,89,89,89,89,89,89
865,56,56,56,56,56,56,56,56
866,98,98,98,98,98,98,98,98
867,88,88,88,88,88,88,88,88
868,88,88,88,88,88,88,88,88
869,90,90,90,90,90,90,90,90
870,99,99,99,99,99,99,99,99
871,100,100,100,100,100,100,100,100
872,45,45,45,45,45,45,45,45
873,89,89,89,89,89,89,89,89
874,90,90,90,90,90,90,90,90
875,86,86,86,86,86,86,86,86
876,78,78,78,78,78,78,78,78
877,98,98,98,98,98,98,98,98
878,9,9,9,9,9,9,9,9
879,56,56,56,56,56,56,56,56
880,67,67,67,67,67,67,67,67
881,56,56,56,56,56,56,56,56
882,80,80,80,80,80,80,80,80
883,98,98,98,98,98,98,98,98
884,87,87,87,87,87,87,87,87
885,89,89,89,89,89,89,89,89
886,56,56,56,56,56,56,56,56
887,98,98,98,98,98,98,98,98
888,88,88,88,88,88,88,88,88
889,88,88,88,88,88,88,88,88
890,90,90,90,90,90,90,90,90
891,99,99,99,99,99,99,99,99
892,100,100,100,100,100,100,100,100
893,45,45,45,45,45,45,45,45
894,89,89,89,89,89,89,89,89
895,90,90,90,90,90,90,90,90
896,86,86,86,86,86,86,86,86
897,78,78,78,78,78,78,78,78
898,98,98,98,98,98,98,98,98
899,9,9,9,9,9,9,9,9
900,56,56,56,56,56,56,56,56
901,67,67,67,67,67,67,67,67
902,56,56,56,56,56,56,56,56
903,80,80,80,80,80,80,80,80
904,98,98,98,98,98,98,98,98
905,87,87,87,87,87,87,87,87
906,89,89,89,89,89,89,89,89
907,56,56,56,56,56,56,56,56
908,98,98,98,98,98,98,98,98
909,88,88,88,88,88,88,88,88
910,88,88,88,88,88,88,88,88
911,90,90,90,90,90,90,90,90
912,99,99,99,99,99,99,99,99
913,100,100,100,100,100,100,100,100
914,45,45,45,45,45,45,45,45
915,89,89,89,89,89,89,89,89
916,90,90,90,90,90,90,90,90
917,86,86,86,86,86,86,86,86
918,78,78,78,78,78,78,78,78
919,98,98,98,98,98,98,98,98
920,9,9,9,9,9,9,9,9
921,56,56,56,56,56,56,56,56
922,67,67,67,67,67,67,67,67
923,56,56,56,56,56,56,56,56
924,80,80,80,80,80,80,80,80
925,98,98,98,98,98,98,98,98
926,87,87,87,87,87,87,87,87
927,89,89,89,89,89,89,89,89
928,56,56,56,56,56,56,56,56
929,98,98,98,98,98,98,98,98
930,88,88,88,88,88,88,88,88
931,88,88,88,88,88,88,88,88
932,90,90,90,90,90,90,90,90
933,99,99,99,99,99,99,99,99
934,100,100,100,100,100,100,100,100
935,45,45,45,45,45,45,45,45
936,89,89,89,89,89,89,89,89
937,90,90,90,90,90,90,90,90
938,86,86,86,86,86,86,86,86
939,78,78,78,78,78,78,78,78
940,98,98,98,98,98,98,98,98
941,9,9,9,9,9,9,9,9
942,56,56,56,56,56,56,56,56
943,67,67,67,67,67,67,67,67
944,56,56,56,56,56,56,56,56
945,80,80,80,80,80,80,80,80
946,98,98,98,98,98,98,98,98
947,87,87,87,87,87,87,87,87
948,89,89,89,89,89,89,89,89
949,56,56,56,56,56,56,56,56
950,98,98,98,98,98,98,98,98
951,88,88,88,88,88,88,88,88
952,88,88,88,88,88,88,88,88
953,90,90,90,90,90,90,90,90
954,99,99,99,99,99,99,99,99
955,100,100,100,100,100,100,100,100
956,45,45,45,45,45,45,45,45
957,89,89,89,89,89,89,89,89
958,90,90,90,90,90,90,90,90
959,86,86,86,86,86,86,86,86
960,78,78,78,78,78,78,78,78
961,98,98,98,98,98,98,98,98
962,9,9,9,9,9,9,9,9
963,56,56,56,56,56,56,56,56
964,67,67,67,67,67,67,67,67
965,56,56,56,56,56,56,56,56
966,80,80,80,80,80,80,80,80
967,98,98,98,98,98,98,98,98
968,87,87,87,87,87,87,87,87
969,89,89,89,89,89,89,89,89
970,56,56,56,56,56,56,56,56
971,98,98,98,98,98,98,98,98
972,88,88,88,88,88,88,88,88
973,88,88,88,88,88,88,88,88
974,90,90,90,90,90,90,90,90
975,99,99,99,99,99,99,99,99
976,100,100,100,100,100,100,100,100
977,45,45,45,45,45,45,45,45
978,89,89,89,89,89,89,89,89
979,90,90,90,90,90,90,90,90
980,86,86,86,86,86,86,86,86
981,78,78,78,78,78,78,78,78
982,98,98,98,98,98,98,98,98
983,9,9,9,9,9,9,9,9
984,56,56,56,56,56,56,56,56
985,67,67,67,67,67,67,67,67
986,56,56,56,56,56,56,56,56
987,80,80,80,80,80,80,80,80
988,98,98,98,98,98,98,98,98
989,87,87,87,87,87,87,87,87
990,89,89,89,89,89,89,89,89
991,56,56,56,56,56,56,56,56
992,98,98,98,98,98,98,98,98
993,88,88,88,88,88,88,88,88
994,88,88,88,88,88,88,88,88
995,90,90,90,90,90,90,90,90
996,99,99,99,99,99,99,99,99
997,100,100,100,100,100,100,100,100
998,45,45,45,45,45,45,45,45
999,89,89,89,89,89,89,89,89
1000,90,90,90,90,90,90,90,90
1001,86,86,86,86,86,86,86,86
1002,78,78,78,78,78,78,78,78
1003,98,98,98,98,98,98,98,98
1004,9,9,9,9,9,9,9,9
1005,56,56,56,56,56,56,56,56
1006,67,67,67,67,67,67,67,67
1007,56,56,56,56,56,56,56,56
1008,80,80,80,80,80,80,80,80
1009,98,98,98,98,98,98,98,98
1010,87,87,87,87,87,87,87,87
1011,89,89,89,89,89,89,89,89
1012,56,56,56,56,56,56,56,56
1013,98,98,98,98,98,98,98,98
1014,88,88,88,88,88,88,88,88
1015,88,88,88,88,88,88,88,88
1016,90,90,90,90,90,90,90,90
1017,99,99,99,99,99,99,99,99
1018,100,100,100,100,100,100,100,100
1019,45,45,45,45,45,45,45,45
1020,89,89,89,89,89,89,89,89
1021,90,90,90,90,90,90,90,90
1022,86,86,86,86,86,86,86,86
1023,78,78,78,78,78,78,78,78
1024,98,98,98,98,98,98,98,98
1025,9,9,9,9,9,9,9,9
1026,56,56,56,56,56,56,56,56
1027,67,67,67,67,67,67,67,67
1028,56,56,56,56,56,56,56,56
1029,80,80,80,80,80,80,80,80
1030,98,98,98,98,98,98,98,98
1031,87,87,87,87,87,87,87,87
1032,89,89,89,89,89,89,89,89
1033,56,56,56,56,56,56,56,56
1034,98,98,98,98,98,98,98,98
1035,88,88,88,88,88,88,88,88
1036,88,88,88,88,88,88,88,88
1037,90,90,90,90,90,90,90,90
1038,99,99,99,99,99,99,99,99
1039,100,100,100,100,100,100,100,100
1040,45,45,45,45,45,45,45,45
1041,89,89,89,89,89,89,89,89
1042,90,90,90,90,90,90,90,90
1043,86,86,86,86,86,86,86,86
1044,78,78,78,78,78,78,78,78
1045,98,98,98,98,98,98,98,98
1046,9,9,9,9,9,9,9,9
1047,56,56,56,56,56,56,56,56
1048,67,67,67,67,67,67,67,67
1049,56,56,56,56,56,56,56,56
1050,80,80,80,80,80,80,80,80
1051,98,98,98,98,98,98,98,98
1052,87,87,87,87,87,87,87,87
1053,89,89,89,89,89,89,89,89
1054,56,56,56,56,56,56,56,56
1055,98,98,98,98,98,98,98,98
1056,88,88,88,88,88,88,88,88
1057,88,88,88,88,88,88,88,88
1058,90,90,90,90,90,90,90,90
1059,99,99,99,99,99,99,99,99
1060,100,100,100,100,100,100,100,100
1061,45,45,45,45,45,45,45,45
1062,89,89,89,89,89,89,89,89
1063,90,90,90,90,90,90,90,90
1064,86,86,86,86,86,86,86,86
1065,78,78,78,78,78,78,78,78
1066,98,98,98,98,98,98,98,98
1067,9,9,9,9,9,9,9,9
1068,56,56,56,56,56,56,56,56
1069,67,67,67,67,67,67,67,67
1070,56,56,56,56,56,56,56,56
1071,80,80,80,80,80,80,80,80
1072,98,98,98,98,98,98,98,98
1073,87,87,87,87,87,87,87,87
1074,89,89,89,89,89,89,89,89
1075,56,56,56,56,56,56,56,56
1076,98,98,98,98,98,98,98,98
1077,88,88,88,88,88,88,88,88
1078,88,88,88,88,88,88,88,88
1079,90,90,90,90,90,90,90,90
1080,99,99,99,99,99,99,99,99
1081,100,100,100,100,100,100,100,100
1082,45,45,45,45,45,45,45,45
1083,89,89,89,89,89,89,89,89
1084,90,90,90,90,90,90,90,90
1085,86,86,86,86,86,86,86,86
1086,78,78,78,78,78,78,78,78
1087,98,98,98,98,98,98,98,98
1088,9,9,9,9,9,9,9,9
1089,56,56,56,56,56,56,56,56
1090,67,67,67,67,67,67,67,67
1091,56,56,56,56,56,56,56,56
1092,80,80,80,80,80,80,80,80
1093,98,98,98,98,98,98,98,98
1094,87,87,87,87,87,87,87,87
1095,89,89,89,89,89,89,89,89
1096,56,56,56,56,56,56,56,56
1097,98,98,98,98,98,98,98,98
1098,88,88,88,88,88,88,88,88
1099,88,88,88,88,88,88,88,88
1100,90,90,90,90,90,90,90,90
1101,99,99,99,99,99,99,99,99
1102,100,100,100,100,100,100,100,100
1103,45,45,45,45,45,45,45,45
1104,89,89,89,89,89,89,89,89
1105,90,90,90,90,90,90,90,90
1106,86,86,86,86,86,86,86,86
1107,78,78,78,78,78,78,78,78
1108,98,98,98,98,98,98,98,98
1109,9,9,9,9,9,9,9,9
1110,56,56,56,56,56,56,56,56
1111,67,67,67,67,67,67,67,67
1112,56,56,56,56,56,56,56,56
1113,80,80,80,80,80,80,80,80
1114,98,98,98,98,98,98,98,98
1115,87,87,87,87,87,87,87,87
1116,89,89,89,89,89,89,89,89
1117,56,56,56,56,56,56,56,56
1118,98,98,98,98,98,98,98,98
1119,88,88,88,88,88,88,88,88
1120,88,88,88,88,88,88,88,88
1121,90,90,90,90,90,90,90,90
1122,99,99,99,99,99,99,99,99
1123,100,100,100,100,100,100,100,100
1124,45,45,45,45,45,45,45,45
1125,89,89,89,89,89,89,89,89
1126,90,90,90,90,90,90,90,90
1127,86,86,86,86,86,86,86,86
1128,78,78,78,78,78,78,78,78
1129,98,98,98,98,98,98,98,98
1130,9,9,9,9,9,9,9,9
1131,56,56,56,56,56,56,56,56
1132,67,67,67,67,67,67,67,67
1133,56,56,56,56,56,56,56,56
1134,80,80,80,80,80,80,80,80
1135,98,98,98,98,98,98,98,98
1136,87,87,87,87,87,87,87,87
1137,89,89,89,89,89,89,89,89
1138,56,56,56,56,56,56,56,56
1139,98,98,98,98,98,98,98,98
1140,88,88,88,88,88,88,88,88
1141,88,88,88,88,88,88,88,88
1142,90,90,90,90,90,90,90,90
1143,99,99,99,99,99,99,99,99
1144,100,100,100,100,100,100,100,100
1145,45,45,45,45,45,45,45,45
1146,89,89,89,89,89,89,89,89
1147,90,90,90,90,90,90,90,90
1148,86,86,86,86,86,86,86,86
1149,78,78,78,78,78,78,78,78
1150,98,98,98,98,98,98,98,98
1151,9,9,9,9,9,9,9,9
1152,56,56,56,56,56,56,56,56
1153,67,67,67,67,67,67,67,67
1154,56,56,56,56,56,56,56,56
1155,80,80,80,80,80,80,80,80
1156,98,98,98,98,98,98,98,98
1157,87,87,87,87,87,87,87,87
1158,89,89,89,89,89,89,89,89
1159,56,56,56,56,56,56,56,56
1160,98,98,98,98,98,98,98,98
1161,88,88,88,88,88,88,88,88
1162,88,88,88,88,88,88,88,88
1163,90,90,90,90,90,90,90,90
1164,99,99,99,99,99,99,99,99
1165,100,100,100,100,100,100,100,100
1166,45,45,45,45,45,45,45,45
1167,89,89,89,89,89,89,89,89
1168,90,90,90,90,90,90,90,90
1169,86,86,86,86,86,86,86,86
1170,78,78,78,78,78,78,78,78
1171,98,98,98,98,98,98,98,98
1172,9,9,9,9,9,9,9,9
1173,56,56,56,56,56,56,56,56
1174,67,67,67,67,67,67,67,67
1175,56,56,56,56,56,56,56,56
1176,80,80,80,80,80,80,80,80
1177,98,98,98,98,98,98,98,98
1178,87,87,87,87,87,87,87,87
1179,89,89,89,89,89,89,89,89
1180,56,56,56,56,56,56,56,56
1181,98,98,98,98,98,98,98,98
1182,88,88,88,88,88,88,88,88
1183,88,88,88,88,88,88,88,88
1184,90,90,90,90,90,90,90,90
1185,99,99,99,99,99,99,99,99
1186,100,100,100,100,100,100,100,100
1187,45,45,45,45,45,45,45,45
1188,89,89,89,89,89,89,89,89
1189,90,90,90,90,90,90,90,90
1190,86,86,86,86,86,86,86,86
1191,78,78,78,78,78,78,78,78
1192,98,98,98,98,98,98,98,98
1193,9,9,9,9,9,9,9,9
1194,56,56,56,56,56,56,56,56
1195,67,67,67,67,67,67,67,67
1196,56,56,56,56,56,56,56,56
1197,80,80,80,80,80,80,80,80
1198,98,98,98,98,98,98,98,98
1199,87,87,87,87,87,87,87,87
1200,89,89,89,89,89,89,89,89
1201,56,56,56,56,56,56,56,56
1202,98,98,98,98,98,98,98,98
1203,88,88,88,88,88,88,88,88
1204,88,88,88,88,88,88,88,88
1205,90,90,90,90,90,90,90,90
1206,99,99,99,99,99,99,99,99
1207,100,100,100,100,100,100,100,100
1208,45,45,45,45,45,45,45,45
1209,89,89,89,89,89,89,89,89
1210,90,90,90,90,90,90,90,90
1211,86,86,86,86,86,86,86,86
1212,78,78,78,78,78,78,78,78
1213,98,98,98,98,98,98,98,98
1214,9,9,9,9,9,9,9,9
1215,56,56,56,56,56,56,56,56
1216,67,67,67,67,67,67,67,67
1217,56,56,56,56,56,56,56,56
1218,80,80,80,80,80,80,80,80
1219,98,98,98,98,98,98,98,98
1220,87,87,87,87,87,87,87,87
1221,89,89,89,89,89,89,89,89
1222,56,56,56,56,56,56,56,56
1223,98,98,98,98,98,98,98,98
1224,88,88,88,88,88,88,88,88
1225,88,88,88,88,88,88,88,88
1226,90,90,90,90,90,90,90,90
1227,99,99,99,99,99,99,99,99
1228,100,100,100,100,100,100,100,100
1229,45,45,45,45,45,45,45,45
1230,89,89,89,89,89,89,89,89
1231,90,90,90,90,90,90,90,90
1232,86,86,86,86,86,86,86,86
1233,78,78,78,78,78,78,78,78
1234,98,98,98,98,98,98,98,98
1235,9,9,9,9,9,9,9,9
1236,56,56,56,56,56,56,56,56
1237,67,67,67,67,67,67,67,67
1238,56,56,56,56,56,56,56,56
1239,80,80,80,80,80,80,80,80
1240,98,98,98,98,98,98,98,98
1241,87,87,87,87,87,87,87,87
1242,89,89,89,89,89,89,89,89
1243,56,56,56,56,56,56,56,56
1244,98,98,98,98,98,98,98,98
1245,88,88,88,88,88,88,88,88
1246,88,88,88,88,88,88,88,88
1247,90,90,90,90,90,90,90,90
1248,99,99,99,99,99,99,99,99
1249,100,100,100,100,100,100,100,100
1250,45,45,45,45,45,45,45,45
1251,89,89,89,89,89,89,89,89
1252,90,90,90,90,90,90,90,90
1253,86,86,86,86,86,86,86,86
1254,78,78,78,78,78,78,78,78
1255,98,98,98,98,98,98,98,98
1256,9,9,9,9,9,9,9,9
1257,56,56,56,56,56,56,56,56
1258,67,67,67,67,67,67,67,67
1259,56,56,56,56,56,56,56,56
1260,80,80,80,80,80,80,80,80
1261,98,98,98,98,98,98,98,98
1262,87,87,87,87,87,87,87,87
1263,89,89,89,89,89,89,89,89
1264,56,56,56,56,56,56,56,56
1265,98,98,98,98,98,98,98,98
1266,88,88,88,88,88,88,88,88
1267,88,88,88,88,88,88,88,88
1268,90,90,90,90,90,90,90,90
1269,99,99,99,99,99,99,99,99
1270,100,100,100,100,100,100,100,100
1271,45,45,45,45,45,45,45,45
1272,89,89,89,89,89,89,89,89
1273,90,90,90,90,90,90,90,90
1274,86,86,86,86,86,86,86,86
1275,78,78,78,78,78,78,78,78
1276,98,98,98,98,98,98,98,98
1277,9,9,9,9,9,9,9,9
1278,56,56,56,56,56,56,56,56
1279,67,67,67,67,67,67,67,67
1280,56,56,56,56,56,56,56,56
1281,80,80,80,80,80,80,80,80
1282,98,98,98,98,98,98,98,98
1283,87,87,87,87,87,87,87,87
1284,89,89,89,89,89,89,89,89
1285,56,56,56,56,56,56,56,56
1286,98,98,98,98,98,98,98,98
1287,88,88,88,88,88,88,88,88
1288,88,88,88,88,88,88,88,88
1289,90,90,90,90,90,90,90,90
1290,99,99,99,99,99,99,99,99
1291,100,100,100,100,100,100,100,100
1292,45,45,45,45,45,45,45,45
1293,89,89,89,89,89,89,89,89
1294,90,90,90,90,90,90,90,90
1295,86,86,86,86,86,86,86,86
1296,78,78,78,78,78,78,78,78
1297,98,98,98,98,98,98,98,98
1298,9,9,9,9,9,9,9,9
1299,56,56,56,56,56,56,56,56
1300,67,67,67,67,67,67,67,67
1301,56,56,56,56,56,56,56,56
1302,80,80,80,80,80,80,80,80
1303,98,98,98,98,98,98,98,98
1304,87,87,87,87,87,87,87,87
1305,89,89,89,89,89,89,89,89
1306,56,56,56,56,56,56,56,56
1307,98,98,98,98,98,98,98,98
1308,88,88,88,88,88,88,88,88
1309,88,88,88,88,88,88,88,88
1310,90,90,90,90,90,90,90,90
1311,99,99,99,99,99,99,99,99
1312,100,100,100,100,100,100,100,100
1313,45,45,45,45,45,45,45,45
1314,89,89,89,89,89,89,89,89
1315,90,90,90,90,90,90,90,90
1316,86,86,86,86,86,86,86,86
1317,78,78,78,78,78,78,78,78
1318,98,98,98,98,98,98,98,98
1319,9,9,9,9,9,9,9,9
1320,56,56,56,56,56,56,56,56
1321,67,67,67,67,67,67,67,67
1322,56,56,56,56,56,56,56,56
1323,80,80,80,80,80,80,80,80
1324,98,98,98,98,98,98,98,98
1325,87,87,87,87,87,87,87,87
1326,89,89,89,89,89,89,89,89
1327,56,56,56,56,56,56,56,56
1328,98,98,98,98,98,98,98,98
1329,88,88,88,88,88,88,88,88
1330,88,88,88,88,88,88,88,88
1331,90,90,90,90,90,90,90,90
1332,99,99,99,99,99,99,99,99
1333,100,100,100,100,100,100,100,100
1334,45,45,45,45,45,45,45,45
1335,89,89,89,89,89,89,89,89
1336,90,90,90,90,90,90,90,90
1337,86,86,86,86,86,86,86,86
1338,78,78,78,78,78,78,78,78
1339,98,98,98,98,98,98,98,98
1340,9,9,9,9,9,9,9,9
1341,56,56,56,56,56,56,56,56
1342,67,67,67,67,67,67,67,67
1343,56,56,56,56,56,56,56,56
1344,80,80,80,80,80,80,80,80
1345,98,98,98,98,98,98,98,98
1346,87,87,87,87,87,87,87,87
1347,89,89,89,89,89,89,89,89
1348,56,56,56,56,56,56,56,56
1349,98,98,98,98,98,98,98,98
1350,88,88,88,88,88,88,88,88
1351,88,88,88,88,88,88,88,88
1352,90,90,90,90,90,90,90,90
1353,99,99,99,99,99,99,99,99
1354,100,100,100,100,100,100,100,100
1355,45,45,45,45,45,45,45,45
1356,89,89,89,89,89,89,89,89
1357,90,90,90,90,90,90,90,90
1358,86,86,86,86,86,86,86,86
1359,78,78,78,78,78,78,78,78
1360,98,98,98,98,98,98,98,98
1361,9,9,9,9,9,9,9,9
1362,56,56,56,56,56,56,56,56
1363,67,67,67,67,67,67,67,67
1364,56,56,56,56,56,56,56,56
1365,80,80,80,80,80,80,80,80
1366,98,98,98,98,98,98,98,98
1367,87,87,87,87,87,87,87,87
1368,89,89,89,89,89,89,89,89
1369,56,56,56,56,56,56,56,56
1370,98,98,98,98,98,98,98,98
1371,88,88,88,88,88,88,88,88
1372,88,88,88,88,88,88,88,88
1373,90,90,90,90,90,90,90,90
1374,99,99,99,99,99,99,99,99
1375,100,100,100,100,100,100,100,100
1376,45,45,45,45,45,45,45,45
1377,89,89,89,89,89,89,89,89
1378,90,90,90,90,90,90,90,90
1379,86,86,86,86,86,86,86,86
1380,78,78,78,78,78,78,78,78
1381,98,98,98,98,98,98,98,98
1382,9,9,9,9,9,9,9,9
1383,56,56,56,56,56,56,56,56
1384,67,67,67,67,67,67,67,67
1385,56,56,56,56,56,56,56,56
1386,80,80,80,80,80,80,80,80
1387,98,98,98,98,98,98,98,98
1388,87,87,87,87,87,87,87,87
1389,89,89,89,89,89,89,89,89
1390,56,56,56,56,56,56,56,56
1391,98,98,98,98,98,98,98,98
1392,88,88,88,88,88,88,88,88
1393,88,88,88,88,88,88,88,88
1394,90,90,90,90,90,90,90,90
1395,99,99,99,99,99,99,99,99
1396,100,100,100,100,100,100,100,100
1397,45,45,45,45,45,45,45,45
1398,89,89,89,89,89,89,89,89
1399,90,90,90,90,90,90,90,90
1400,86,86,86,86,86,86,86,86
1401,78,78,78,78,78,78,78,78
1402,98,98,98,98,98,98,98,98
1403,9,9,9,9,9,9,9,9
1404,56,56,56,56,56,56,56,56
1405,67,67,67,67,67,67,67,67
1406,56,56,56,56,56,56,56,56
1407,80,80,80,80,80,80,80,80
1408,98,98,98,98,98,98,98,98
1409,87,87,87,87,87,87,87,87
1410,89,89,89,89,89,89,89,89
1411,56,56,56,56,56,56,56,56
1412,98,98,98,98,98,98,98,98
1413,88,88,88,88,88,88,88,88
1414,88,88,88,88,88,88,88,88
1415,90,90,90,90,90,90,90,90
1416,99,99,99,99,99,99,99,99
1417,100,100,100,100,100,100,100,100
1418,45,45,45,45,45,45,45,45
1419,89,89,89,89,89,89,89,89
1420,90,90,90,90,90,90,90,90
1421,86,86,86,86,86,86,86,86
1422,78,78,78,78,78,78,78,78
1423,98,98,98,98,98,98,98,98
1424,9,9,9,9,9,9,9,9
1425,56,56,56,56,56,56,56,56
1426,67,67,67,67,67,67,67,67
1427,56,56,56,56,56,56,56,56
1428,80,80,80,80,80,80,80,80
1429,98,98,98,98,98,98,98,98
1430,87,87,87,87,87,87,87,87
1431,89,89,89,89,89,89,89,89
1432,56,56,56,56,56,56,56,56
1433,98,98,98,98,98,98,98,98
1434,88,88,88,88,88,88,88,88
1435,88,88,88,88,88,88,88,88
1436,90,90,90,90,90,90,90,90
1437,99,99,99,99,99,99,99,99
1438,100,100,100,100,100,100,100,100
1439,45,45,45,45,45,45,45,45
1440,89,89,89,89,89,89,89,89
1441,90,90,90,90,90,90,90,90
1442,86,86,86,86,86,86,86,86
1443,78,78,78,78,78,78,78,78
1444,98,98,98,98,98,98,98,98
1445,9,9,9,9,9,9,9,9
1446,56,56,56,56,56,56,56,56
1447,67,67,67,67,67,67,67,67
1448,56,56,56,56,56,56,56,56
1449,80,80,80,80,80,80,80,80
1450,98,98,98,98,98,98,98,98
1451,87,87,87,87,87,87,87,87
1452,89,89,89,89,89,89,89,89
1453,56,56,56,56,56,56,56,56
1454,98,98,98,98,98,98,98,98
1455,88,88,88,88,88,88,88,88
1456,88,88,88,88,88,88,88,88
1457,90,90,90,90,90,90,90,90
1458,99,99,99,99,99,99,99,99
1459,100,100,100,100,100,100,100,100
1460,45,45,45,45,45,45,45,45
1461,89,89,89,89,89,89,89,89
1462,90,90,90,90,90,90,90,90
1463,86,86,86,86,86,86,86,86
1464,78,78,78,78,78,78,78,78
1465,98,98,98,98,98,98,98,98
1466,9,9,9,9,9,9,9,9
1467,56,56,56,56,56,56,56,56
1468,67,67,67,67,67,67,67,67
1469,56,56,56,56,56,56,56,56
1470,80,80,80,80,80,80,80,80
1471,98,98,98,98,98,98,98,98
1472,87,87,87,87,87,87,87,87
1473,89,89,89,89,89,89,89,89
1474,56,56,56,56,56,56,56,56
1475,98,98,98,98,98,98,98,98
1476,88,88,88,88,88,88,88,88
1477,88,88,88,88,88,88,88,88
1478,90,90,90,90,90,90,90,90
1479,99,99,99,99,99,99,99,99
1480,100,100,100,100,100,100,100,100
1481,45,45,45,45,45,45,45,45
1482,89,89,89,89,89,89,89,89
1483,90,90,90,90,90,90,90,90
1484,86,86,86,86,86,86,86,86
1485,78,78,78,78,78,78,78,78
1486,98,98,98,98,98,98,98,98
1487,9,9,9,9,9,9,9,9
1488,56,56,56,56,56,56,56,56
1489,67,67,67,67,67,67,67,67
1490,56,56,56,56,56,56,56,56
1491,80,80,80,80,80,80,80,80
1492,98,98,98,98,98,98,98,98
1493,87,87,87,87,87,87,87,87
1494,89,89,89,89,89,89,89,89
1495,56,56,56,56,56,56,56,56
1496,98,98,98,98,98,98,98,98
1497,88,88,88,88,88,88,88,88
1498,88,88,88,88,88,88,88,88
1499,90,90,90,90,90,90,90,90
1500,99,99,99,99,99,99,99,99
1501,100,100,100,100,100,100,100,100
1502,45,45,45,45,45,45,45,45
1503,89,89,89,89,89,89,89,89
1504,90,90,90,90,90,90,90,90
1505,86,86,86,86,86,86,86,86
1506,78,78,78,78,78,78,78,78
1507,98,98,98,98,98,98,98,98
1508,9,9,9,9,9,9,9,9
1509,56,56,56,56,56,56,56,56
1510,67,67,67,67,67,67,67,67
1511,56,56,56,56,56,56,56,56
1512,80,80,80,80,80,80,80,80
